-- MySQL dump 10.13  Distrib 5.5.52, for debian-linux-gnu (x86_64)
--
-- Host: localhost    Database: rplace
-- ------------------------------------------------------
-- Server version	5.5.52-0ubuntu0.14.04.1-log

/*!40101 SET @OLD_CHARACTER_SET_CLIENT=@@CHARACTER_SET_CLIENT */;
/*!40101 SET @OLD_CHARACTER_SET_RESULTS=@@CHARACTER_SET_RESULTS */;
/*!40101 SET @OLD_COLLATION_CONNECTION=@@COLLATION_CONNECTION */;
/*!40101 SET NAMES utf8 */;
/*!40103 SET @OLD_TIME_ZONE=@@TIME_ZONE */;
/*!40103 SET TIME_ZONE='+00:00' */;
/*!40014 SET @OLD_UNIQUE_CHECKS=@@UNIQUE_CHECKS, UNIQUE_CHECKS=0 */;
/*!40014 SET @OLD_FOREIGN_KEY_CHECKS=@@FOREIGN_KEY_CHECKS, FOREIGN_KEY_CHECKS=0 */;
/*!40101 SET @OLD_SQL_MODE=@@SQL_MODE, SQL_MODE='NO_AUTO_VALUE_ON_ZERO' */;
/*!40111 SET @OLD_SQL_NOTES=@@SQL_NOTES, SQL_NOTES=0 */;

--
-- Table structure for table `product`
--

DROP TABLE IF EXISTS `product`;
/*!40101 SET @saved_cs_client     = @@character_set_client */;
/*!40101 SET character_set_client = utf8 */;
CREATE TABLE `product` (
  `id` int(11) NOT NULL AUTO_INCREMENT,
  `name` varchar(50) NOT NULL,
  `price` double NOT NULL,
  `barcode` text NOT NULL,
  `created_at` timestamp NOT NULL DEFAULT CURRENT_TIMESTAMP,
  `updated_at` datetime NOT NULL DEFAULT '0000-00-00 00:00:00',
  PRIMARY KEY (`id`)
) ENGINE=InnoDB AUTO_INCREMENT=1014 DEFAULT CHARSET=latin1;
/*!40101 SET character_set_client = @saved_cs_client */;

--
-- Dumping data for table `product`
--

LOCK TABLES `product` WRITE;
/*!40000 ALTER TABLE `product` DISABLE KEYS */;
INSERT INTO `product` VALUES (1,'GOOD DAY BUTTER COOKIES',10,'8901063092280','2016-12-21 05:16:36','2016-12-21 17:48:59'),(3,'MOMS MAGIC',10,'8901725135454','2016-12-21 07:08:18','2016-12-27 17:09:11'),(4,'BOURBON',10,'8901063139190','2016-12-21 07:08:19','2016-12-21 17:50:05'),(6,'BRITANNIA 50-50 MASKA CHASKA',10,'8901063017252','2016-12-21 07:08:19','2016-12-21 17:51:51'),(8,'BRITANNIA CAKE PINEAPPLE',15,'8901063362819','2016-12-21 12:24:49','2016-12-21 17:54:49'),(14,'BRITANIA JIM JAM',20,'8901063029163','2017-01-24 07:39:19','0000-00-00 00:00:00'),(15,'BRITANIA CAKE BUTTER BLAST',15,'8901063362789','2017-01-25 09:27:57','0000-00-00 00:00:00'),(16,'BINGO TANGLES',10,'8901725195120','2017-01-31 11:50:51','0000-00-00 00:00:00'),(17,'BINGO YUMITOS',10,'8901725191122','2017-01-31 12:07:54','0000-00-00 00:00:00'),(18,'BINGO MAD ANGLES',10,'8901725198329','2017-01-31 12:08:37','0000-00-00 00:00:00'),(19,'BINGO TANGLES',10,'8901725195229','2017-01-31 12:09:23','0000-00-00 00:00:00'),(20,'BINGO YUMITOS',10,'8901725193225','2017-01-31 12:12:18','0000-00-00 00:00:00'),(21,'BRITANNIA CAKE',15,'8901063362772','2017-01-31 12:16:57','0000-00-00 00:00:00'),(22,'BRITANNIA CAKE',15,'8901063362765','2017-01-31 12:17:17','0000-00-00 00:00:00'),(23,'BRITANNIA CAKE',15,'8901063362802','2017-01-31 12:17:37','0000-00-00 00:00:00'),(24,'Test product CELLO BOOK',0,'8904187942455','2017-02-01 13:13:43','0000-00-00 00:00:00'),(25,'PARLE-G',3,'8901719255120','2017-02-02 06:16:24','0000-00-00 00:00:00'),(26,'GOOD LIFE MILK',10,'8906036673947','2017-02-02 06:17:19','0000-00-00 00:00:00'),(999,'Amount Deposited',0,'2668683376748','2017-02-08 06:12:38','0000-00-00 00:00:00'),(1000,'BINGO MAD ANGLES',10,'8901725198220','2017-02-13 08:33:49','0000-00-00 00:00:00'),(1003,'Parle-G',5,'8901719255144','2017-02-13 08:43:31','0000-00-00 00:00:00'),(1004,'BRITANNIA 50-50',10,'8901063017290','2017-02-13 08:44:00','0000-00-00 00:00:00'),(1005,'BINGO MAD ANGLES',10,'8901725198121','2017-02-13 08:44:39','0000-00-00 00:00:00'),(1006,'LAYS CLASSIC',10,'8901491503013','2017-02-13 08:45:17','0000-00-00 00:00:00'),(1007,'LAYS HOT \'n\' SWEET',10,'8901491503051','2017-02-13 08:48:07','0000-00-00 00:00:00'),(1008,'LAYS AMERICAN STYLE CREAM & ONION',10,'8901491503037','2017-03-01 08:40:21','0000-00-00 00:00:00'),(1010,'GOOD DAY BUTTER COOKIES',10,'8901063093416','2017-03-02 07:04:49','0000-00-00 00:00:00'),(1011,'LAYS SPANISH TOMATO TANGO',10,'8901491503044','2017-03-06 09:15:01','0000-00-00 00:00:00'),(1012,'HORLICKS BISCUITS',10,'8901571003648','2017-03-06 09:16:58','0000-00-00 00:00:00'),(1013,'BRITANNIA CAKE',15,'8901063362796','2017-03-06 10:18:17','0000-00-00 00:00:00');
/*!40000 ALTER TABLE `product` ENABLE KEYS */;
UNLOCK TABLES;

--
-- Table structure for table `user`
--

DROP TABLE IF EXISTS `user`;
/*!40101 SET @saved_cs_client     = @@character_set_client */;
/*!40101 SET character_set_client = utf8 */;
CREATE TABLE `user` (
  `id` int(11) NOT NULL AUTO_INCREMENT,
  `employee_id` varchar(30) CHARACTER SET utf8 NOT NULL,
  `name` varchar(30) CHARACTER SET utf8 NOT NULL,
  `pin` varchar(1000) CHARACTER SET utf8 NOT NULL,
  `authorised` tinyint(1) NOT NULL,
  `is_password_changed` tinyint(1) NOT NULL,
  `created_at` datetime DEFAULT NULL,
  `updated_at` timestamp NOT NULL DEFAULT '0000-00-00 00:00:00' ON UPDATE CURRENT_TIMESTAMP,
  PRIMARY KEY (`id`)
) ENGINE=InnoDB AUTO_INCREMENT=46 DEFAULT CHARSET=latin1;
/*!40101 SET character_set_client = @saved_cs_client */;

--
-- Dumping data for table `user`
--

LOCK TABLES `user` WRITE;
/*!40000 ALTER TABLE `user` DISABLE KEYS */;
INSERT INTO `user` VALUES (1,'135','Nitesh Sakle','$2y$10$JnN1Uo3K8ytFSO60dtS05utBSSct8elcWovdE8sYU9MsBU3xNb7GW',1,1,'2016-12-20 17:45:35','2017-01-31 13:13:54'),(2,'133','Sharat chandra K','$2y$10$DZjr7ratqQuCFj4aa5vpYORJiqrJszqmOwjsQCob2RJU.MVzmteDi',0,1,'2016-12-21 17:56:59','2017-02-02 05:27:33'),(5,'137','Chaitanya Sai Ramu','$2y$10$iAla7nBCZ1yBklpKU256Oe5u0yP2rvcnFeix9nrhjEO.sgNMdF2z.',0,1,'2016-12-21 18:32:05','2017-01-27 06:18:58'),(6,'136','Sachin Yedle','$2y$10$gxecO3Fb89q1Qit4mQKkKeeHoXZz7gJAQBJ6R6.wPdJYVF49eSJV.',0,1,'2016-12-21 18:32:05','2017-02-07 12:46:49'),(7,'134','Ravali Dodda','$2y$10$TRKcVxMTxjpZQrm7AFCwDeg0KTXJtWoX12hvs5hsVY9XAb/rR3ScO',0,1,'2016-12-21 18:32:06','2017-01-31 12:27:07'),(8,'132','Ashok Madduru','$2y$10$1kQEK9xJ49OsQgS0sREUfuvH.KhUPXzEjzNwbFLlTcZaE2V2GB1Nq',0,1,'2016-12-21 18:32:06','2017-03-06 09:54:01'),(9,'131','Anusha Reddy','$2y$10$KsUvyrFxfS.3n/xNJq.goOzaNxuyQsoY.2Uk4F7IGJak4JVUqgEPa',0,0,'2016-12-21 18:32:06','2017-01-24 11:50:20'),(10,'130','Hemanjali Majji','$2y$10$FdL/g5XFMiPC6Hs1xJjXUO2yFQ4FjKLDJZ8oWKEhOqcKTEGH.SK1u',0,1,'2016-12-21 18:32:06','2017-01-27 06:24:29'),(11,'129','Ch. Ramesh Babu','$2y$10$KsUvyrFxfS.3n/xNJq.goOzaNxuyQsoY.2Uk4F7IGJak4JVUqgEPa',0,0,'2016-12-21 18:32:06','2017-02-07 12:46:58'),(12,'125','Mahesh Doma','$2y$10$KsUvyrFxfS.3n/xNJq.goOzaNxuyQsoY.2Uk4F7IGJak4JVUqgEPa',0,0,'2016-12-21 18:32:06','0000-00-00 00:00:00'),(13,'120','Sunil Kumar Mahto','$2y$10$KsUvyrFxfS.3n/xNJq.goOzaNxuyQsoY.2Uk4F7IGJak4JVUqgEPa',0,0,'2016-12-21 18:32:06','0000-00-00 00:00:00'),(14,'117','Dasari Venkata Rami Reddy','$2y$10$AxsWAMWycU2heJw6osZHwOPTEpo6WT70INbebxu/hA7jHr1.wrvDq',1,1,'2016-12-21 18:32:06','2017-02-02 06:06:10'),(15,'113','Ch. Chandra Sekar','$2y$10$.FRrffqt1VRDjfC6WWSJ4.7c7j3PVcORfJdv0DHOz7Tfu5OXUn/eS',0,1,'2016-12-21 18:32:06','2017-02-01 06:54:57'),(16,'111','Sreenu Cheedella','$2y$10$lPHJLvl/zJ2p8M/NxwCvIOkdPV.R6yu3eBis8L1BUIC6uGLjjq8JW',0,1,'2016-12-27 11:58:27','2017-02-07 12:40:32'),(17,'110','Gautham Aditya Ravi','$2y$10$yF1pKiyecwkUNaKR8R7rI.06k2KW9QlqrRfOmupPaKrtbM85C7NvK',0,1,'2016-12-27 12:04:41','2017-01-25 13:26:07'),(18,'108','Geetha Krishna','$2y$10$gzs.XzoX70g/WSFLDgPi0ekAqZbTzDd0zXWOXNGkylygdwchvo.iG',0,1,'2016-12-27 12:04:42','2017-02-16 06:40:29'),(19,'107','Santhosh Kumar','$2y$10$F.zC0ZCl2wXgRD4wOPzxr.ymChhPcXDwx/5QdqiBtvNGHwCyv.4Ae',0,1,'2016-12-27 12:04:42','2017-02-03 07:19:09'),(20,'102','Vishwa Teja J','$2y$10$Q9mpRBbWbNFLqbWE.ZggaeeCgpzZhxTWInMFTjF9YU/yN5ms8wkwe',0,1,'2016-12-27 12:04:42','2017-02-13 14:13:01'),(21,'100','Karri Satya Venkata Reddy','$2y$10$zueptH8GHDnsEKJwVrMxY.Ai84W7W32TCKX.GCycfZ896Sfbvr17u',0,1,'2016-12-27 12:04:42','2017-02-03 07:29:08'),(22,'95','Vishvajeet Singh Rathore','$2y$10$LY6NTChoLLDNfuBj1sHAw.WNpw4XJfzrBfdtmhAf/1/LbVZ0iUxPW',0,1,'2016-12-27 12:04:42','2017-02-02 08:21:35'),(23,'56','N. Revathi','$2y$10$AOK4d2Phtxtrwwi9.ViYreAk.Gw3T9fAKCvAq6nXsLrdwksSyHlFi',0,1,'2016-12-27 12:04:42','2017-02-01 10:15:07'),(24,'59','S Siva Shankara Rao','$2y$10$Adh8MwSvG./UisM/crZoAuJPqZcruR33AVoIpvlzeTT/L4gZWMufC',0,1,'2016-12-27 12:04:42','2017-02-17 07:50:37'),(25,'67','Sravan Kumar','$2y$10$KsUvyrFxfS.3n/xNJq.goOzaNxuyQsoY.2Uk4F7IGJak4JVUqgEPa',0,0,'2016-12-27 12:04:42','0000-00-00 00:00:00'),(26,'85','M. Revathi','$2y$10$mlYpcB7nGRlMt2.W0gnireTueatSLaOSB0ctU2r84gd2sqT3GR1Ra',0,1,'2016-12-27 12:04:42','2017-02-03 11:08:00'),(27,'2','Prasad Kancharla','$2y$10$WQCXe0OOh6VBEmXzl5rg6O9e/h6uagjbbS77yBYqjlGZsdmckLx22',0,1,'2016-12-27 12:07:10','2017-01-27 06:23:39'),(28,'7','Sunand Chakradhar','$2y$10$KsUvyrFxfS.3n/xNJq.goOzaNxuyQsoY.2Uk4F7IGJak4JVUqgEPa',0,0,'2016-12-27 12:07:10','0000-00-00 00:00:00'),(29,'8','Venu Gopal Thotakura','$2y$10$IRpeLhGL7Hb860j6kEkeP.4g3W7d2RQD5hsdRHqpw861C8UKwb6DK',0,1,'2016-12-27 12:07:10','2017-01-27 06:23:10'),(30,'15','VV Ravishankar Achanta','$2y$10$KsUvyrFxfS.3n/xNJq.goOzaNxuyQsoY.2Uk4F7IGJak4JVUqgEPa',0,0,'2016-12-27 12:07:10','0000-00-00 00:00:00'),(31,'17','Gali Bala Satya Swathi','$2y$10$neSmhUdz5vW6ahBlFVjEsuza0F0oJiELaoHRQPlTZJdwubcaLa7Za',0,1,'2016-12-27 12:07:10','2017-01-31 13:11:23'),(32,'21','Shaik Hema','$2y$10$KsUvyrFxfS.3n/xNJq.goOzaNxuyQsoY.2Uk4F7IGJak4JVUqgEPa',0,0,'2016-12-27 12:07:10','0000-00-00 00:00:00'),(33,'39','Ramya Yenduri','$2y$10$XSJ5JxDjrCpAmatlg59lceSrxrkbbjVI7ayraApzB1LIIEyyz/Qq6',0,1,'2016-12-27 12:07:11','2017-01-27 06:11:31'),(34,'42','Badam Bharath Kumar','$2y$10$5bl9zJfySUi1mokEYXWze.5vDiP4XJSygjSOBtPnVBQ75o.uSMZny',0,1,'2016-12-27 12:07:11','2017-02-15 08:25:45'),(35,'1','Siddharam Shingshetty','$2y$10$KsUvyrFxfS.3n/xNJq.goOzaNxuyQsoY.2Uk4F7IGJak4JVUqgEPa',0,0,'2016-12-27 12:07:11','2017-02-01 06:58:57'),(36,'11','Siddhartha Kongara','$2y$10$KsUvyrFxfS.3n/xNJq.goOzaNxuyQsoY.2Uk4F7IGJak4JVUqgEPa',0,1,'2016-12-27 12:07:11','2017-03-01 10:19:25'),(37,'116','Manohar Pilankar','$2y$10$uF0Wxw2R/fOwEOD5gcdsROSBydAYuGFmlLlTUCesvIZDdlaA9bEDC',0,1,'2016-12-27 12:07:11','2017-02-07 12:41:52'),(38,'40','Sunayana Pilankar','$2y$10$KsUvyrFxfS.3n/xNJq.goOzaNxuyQsoY.2Uk4F7IGJak4JVUqgEPa',0,0,'2016-12-27 12:07:11','2017-02-01 06:58:57'),(39,'112','Eknath Pilankar','$2y$10$KsUvyrFxfS.3n/xNJq.goOzaNxuyQsoY.2Uk4F7IGJak4JVUqgEPa',0,0,'2016-12-27 12:07:11','2017-02-01 06:58:57'),(40,'128','Preeti Sahu','$2y$10$KsUvyrFxfS.3n/xNJq.goOzaNxuyQsoY.2Uk4F7IGJak4JVUqgEPa',0,0,'2016-12-27 12:07:11','2017-02-01 06:58:57'),(41,'27','Gouri Patil','$2y$10$KsUvyrFxfS.3n/xNJq.goOzaNxuyQsoY.2Uk4F7IGJak4JVUqgEPa',0,1,'2016-12-27 12:07:11','2017-02-17 07:10:37'),(42,'1111','Shyam Jadhav','$2y$10$pKxxMa9IMUJiMHrdUdOD0epMALhSsVHs1ar.8/Prc0Swcn4IhonLm',1,1,'2016-12-27 12:07:11','2017-02-09 11:34:08'),(43,'84','Enja Pradeep Reddy','$2y$10$CWvU6XohuL2gcSHg9mj.8esOdRdoiTU.6ERbV.4HJC.90T3CxYnU2',0,1,'2016-12-27 12:07:11','2017-02-01 10:05:14'),(44,'109','RASHMA DHANAWADE','$2y$10$xwIE4JovKf/BL3c7mPz4TuPkkQEu5vb0WY9hdxfp8hZ7/FOtR4A06',0,1,'2016-12-27 12:07:11','2017-02-01 06:58:57'),(45,'121','Prashant Choudhary','$2y$10$KsUvyrFxfS.3n/xNJq.goOzaNxuyQsoY.2Uk4F7IGJak4JVUqgEPa',0,1,'2016-12-27 12:07:11','2017-02-17 07:11:26');
/*!40000 ALTER TABLE `user` ENABLE KEYS */;
UNLOCK TABLES;

--
-- Table structure for table `user_buy`
--

DROP TABLE IF EXISTS `user_buy`;
/*!40101 SET @saved_cs_client     = @@character_set_client */;
/*!40101 SET character_set_client = utf8 */;
CREATE TABLE `user_buy` (
  `id` int(11) NOT NULL AUTO_INCREMENT,
  `user_id` varchar(100) NOT NULL,
  `product_id` int(11) NOT NULL,
  `price` float NOT NULL,
  `is_deposit` tinyint(1) NOT NULL DEFAULT '0',
  `created_at` timestamp NOT NULL DEFAULT CURRENT_TIMESTAMP,
  `updated_at` datetime NOT NULL DEFAULT '0000-00-00 00:00:00',
  PRIMARY KEY (`id`)
) ENGINE=InnoDB AUTO_INCREMENT=270 DEFAULT CHARSET=latin1;
/*!40101 SET character_set_client = @saved_cs_client */;

--
-- Dumping data for table `user_buy`
--

LOCK TABLES `user_buy` WRITE;
/*!40000 ALTER TABLE `user_buy` DISABLE KEYS */;
INSERT INTO `user_buy` VALUES (32,'29',1,10,0,'2017-02-01 07:08:10','0000-00-00 00:00:00'),(33,'7',6,10,0,'2017-02-01 07:09:22','0000-00-00 00:00:00'),(34,'43',3,10,0,'2017-02-01 10:02:28','0000-00-00 00:00:00'),(36,'21',4,10,0,'2017-02-02 05:37:31','0000-00-00 00:00:00'),(37,'5',22,15,0,'2017-02-02 06:33:21','0000-00-00 00:00:00'),(38,'22',21,15,0,'2017-02-02 08:23:04','0000-00-00 00:00:00'),(39,'43',25,3,0,'2017-02-02 11:44:11','0000-00-00 00:00:00'),(48,'22',19,10,0,'2017-02-02 13:56:06','0000-00-00 00:00:00'),(49,'29',25,3,0,'2017-02-03 06:16:17','0000-00-00 00:00:00'),(50,'29',1,10,0,'2017-02-03 06:16:46','0000-00-00 00:00:00'),(54,'19',17,10,0,'2017-02-03 07:19:32','0000-00-00 00:00:00'),(55,'21',4,10,0,'2017-02-03 07:29:25','0000-00-00 00:00:00'),(71,'14',14,20,0,'2017-02-03 14:50:52','0000-00-00 00:00:00'),(74,'21',4,10,0,'2017-02-06 08:25:52','0000-00-00 00:00:00'),(75,'28',26,10,0,'2017-02-06 11:10:08','0000-00-00 00:00:00'),(76,'28',26,10,0,'2017-02-06 11:10:15','0000-00-00 00:00:00'),(77,'28',25,3,0,'2017-02-06 11:10:29','0000-00-00 00:00:00'),(78,'28',25,3,0,'2017-02-06 11:10:33','0000-00-00 00:00:00'),(79,'43',3,10,0,'2017-02-06 12:37:27','0000-00-00 00:00:00'),(82,'29',1,10,0,'2017-02-07 06:11:33','0000-00-00 00:00:00'),(98,'43',25,3,0,'2017-02-07 09:47:53','0000-00-00 00:00:00'),(99,'22',8,15,0,'2017-02-07 10:42:31','0000-00-00 00:00:00'),(100,'16',8,15,0,'2017-02-07 11:37:25','0000-00-00 00:00:00'),(101,'14',14,20,0,'2017-02-07 11:40:22','0000-00-00 00:00:00'),(102,'1',3,10,0,'2017-02-07 11:47:27','0000-00-00 00:00:00'),(103,'7',3,10,0,'2017-02-07 12:37:08','0000-00-00 00:00:00'),(104,'16',15,15,0,'2017-02-07 12:40:10','0000-00-00 00:00:00'),(105,'37',3,10,0,'2017-02-07 12:44:31','0000-00-00 00:00:00'),(106,'37',3,10,0,'2017-02-07 12:44:59','0000-00-00 00:00:00'),(107,'14',26,10,0,'2017-02-08 05:51:15','0000-00-00 00:00:00'),(108,'14',25,3,0,'2017-02-08 05:51:37','0000-00-00 00:00:00'),(109,'33',6,10,0,'2017-02-08 06:45:05','0000-00-00 00:00:00'),(110,'38',25,3,0,'2017-02-08 09:40:22','0000-00-00 00:00:00'),(111,'43',4,10,0,'2017-02-08 10:46:41','0000-00-00 00:00:00'),(112,'6',4,10,0,'2017-02-08 12:08:42','0000-00-00 00:00:00'),(118,'14',26,10,0,'2017-02-10 05:42:17','0000-00-00 00:00:00'),(119,'29',6,10,0,'2017-02-10 06:41:25','0000-00-00 00:00:00'),(120,'15',6,10,0,'2017-02-10 06:43:16','0000-00-00 00:00:00'),(121,'43',6,10,0,'2017-02-10 09:49:08','0000-00-00 00:00:00'),(122,'7',26,10,0,'2017-02-10 11:20:44','0000-00-00 00:00:00'),(123,'36',1000,10,0,'2017-02-13 08:35:29','0000-00-00 00:00:00'),(124,'33',18,10,0,'2017-02-13 09:37:47','0000-00-00 00:00:00'),(125,'7',21,15,0,'2017-02-13 09:40:20','0000-00-00 00:00:00'),(126,'21',18,10,0,'2017-02-13 09:44:51','0000-00-00 00:00:00'),(127,'2',8,15,0,'2017-02-13 10:37:26','0000-00-00 00:00:00'),(128,'6',1005,10,0,'2017-02-13 10:39:13','0000-00-00 00:00:00'),(129,'7',1005,10,0,'2017-02-13 10:49:35','0000-00-00 00:00:00'),(130,'14',1005,10,0,'2017-02-13 13:21:17','0000-00-00 00:00:00'),(131,'31',1004,10,0,'2017-02-13 13:21:27','0000-00-00 00:00:00'),(132,'31',4,10,0,'2017-02-13 13:26:56','0000-00-00 00:00:00'),(133,'43',1,10,0,'2017-02-13 13:51:01','0000-00-00 00:00:00'),(134,'44',21,15,0,'2017-02-14 06:26:22','0000-00-00 00:00:00'),(135,'7',21,15,0,'2017-02-14 07:59:25','0000-00-00 00:00:00'),(136,'21',1005,10,0,'2017-02-14 08:10:51','0000-00-00 00:00:00'),(137,'14',14,20,0,'2017-02-14 10:16:08','0000-00-00 00:00:00'),(138,'44',1004,10,0,'2017-02-14 11:21:24','0000-00-00 00:00:00'),(139,'20',14,20,0,'2017-02-14 11:47:17','0000-00-00 00:00:00'),(140,'31',4,10,0,'2017-02-14 12:19:28','0000-00-00 00:00:00'),(141,'36',4,10,0,'2017-02-15 05:24:30','0000-00-00 00:00:00'),(142,'20',1007,10,0,'2017-02-15 05:39:58','0000-00-00 00:00:00'),(143,'14',26,10,0,'2017-02-15 06:05:04','0000-00-00 00:00:00'),(144,'14',1003,5,0,'2017-02-15 06:06:36','0000-00-00 00:00:00'),(145,'33',1000,10,0,'2017-02-15 10:50:42','0000-00-00 00:00:00'),(146,'17',1007,10,0,'2017-02-15 11:14:21','0000-00-00 00:00:00'),(147,'31',1003,5,0,'2017-02-15 11:19:33','0000-00-00 00:00:00'),(148,'28',1005,10,0,'2017-02-15 13:52:12','0000-00-00 00:00:00'),(149,'16',14,20,0,'2017-02-16 06:18:22','0000-00-00 00:00:00'),(150,'15',15,15,0,'2017-02-16 06:50:31','0000-00-00 00:00:00'),(151,'22',23,15,0,'2017-02-16 11:24:46','0000-00-00 00:00:00'),(156,'15',14,20,0,'2017-02-17 06:53:32','0000-00-00 00:00:00'),(159,'41',1006,10,0,'2017-02-17 07:11:04','0000-00-00 00:00:00'),(160,'41',23,15,0,'2017-02-17 07:11:20','0000-00-00 00:00:00'),(165,'21',4,10,0,'2017-02-17 11:13:04','0000-00-00 00:00:00'),(168,'7',1003,5,0,'2017-02-20 11:25:30','0000-00-00 00:00:00'),(169,'1',1003,5,0,'2017-02-20 12:03:30','0000-00-00 00:00:00'),(170,'16',14,20,0,'2017-02-20 12:12:55','0000-00-00 00:00:00'),(171,'16',1,10,0,'2017-02-21 05:56:32','0000-00-00 00:00:00'),(172,'10',4,10,0,'2017-02-21 06:36:26','0000-00-00 00:00:00'),(173,'7',1004,10,0,'2017-02-21 08:57:59','0000-00-00 00:00:00'),(174,'28',26,10,0,'2017-02-21 12:29:14','0000-00-00 00:00:00'),(175,'28',1003,5,0,'2017-02-21 12:29:34','0000-00-00 00:00:00'),(176,'37',26,10,0,'2017-02-21 12:44:45','0000-00-00 00:00:00'),(177,'15',8,15,0,'2017-02-21 13:43:21','0000-00-00 00:00:00'),(178,'1',1,10,0,'2017-02-21 14:10:02','0000-00-00 00:00:00'),(179,'21',1004,10,0,'2017-02-23 06:30:17','0000-00-00 00:00:00'),(180,'16',1004,10,0,'2017-02-23 08:28:00','0000-00-00 00:00:00'),(181,'14',26,10,0,'2017-02-28 05:36:43','0000-00-00 00:00:00'),(182,'28',1000,10,0,'2017-03-01 08:31:58','0000-00-00 00:00:00'),(183,'20',1008,10,0,'2017-03-01 08:41:18','0000-00-00 00:00:00'),(184,'41',1000,10,0,'2017-03-01 09:58:14','0000-00-00 00:00:00'),(185,'36',4,10,0,'2017-03-01 10:20:08','0000-00-00 00:00:00'),(186,'38',23,15,0,'2017-03-01 10:44:32','0000-00-00 00:00:00'),(187,'41',1000,10,0,'2017-03-01 11:27:42','0000-00-00 00:00:00'),(188,'10',21,15,0,'2017-03-01 11:46:48','0000-00-00 00:00:00'),(189,'16',15,15,0,'2017-03-02 03:48:02','0000-00-00 00:00:00'),(190,'16',18,10,0,'2017-03-02 03:48:23','0000-00-00 00:00:00'),(191,'21',1008,10,0,'2017-03-02 06:06:34','0000-00-00 00:00:00'),(192,'21',1000,10,0,'2017-03-02 06:06:42','0000-00-00 00:00:00'),(193,'21',21,15,0,'2017-03-02 06:06:51','0000-00-00 00:00:00'),(194,'33',1008,10,0,'2017-03-02 06:09:01','0000-00-00 00:00:00'),(195,'17',1008,10,0,'2017-03-02 06:54:33','0000-00-00 00:00:00'),(196,'17',1010,10,0,'2017-03-02 07:05:22','0000-00-00 00:00:00'),(197,'15',1010,10,0,'2017-03-02 07:58:52','0000-00-00 00:00:00'),(198,'21',21,15,0,'2017-03-02 08:12:39','0000-00-00 00:00:00'),(199,'14',1008,10,0,'2017-03-02 08:21:04','0000-00-00 00:00:00'),(200,'22',21,15,0,'2017-03-02 09:01:26','0000-00-00 00:00:00'),(201,'31',4,10,0,'2017-03-02 10:16:08','0000-00-00 00:00:00'),(202,'28',26,10,0,'2017-03-02 13:41:35','0000-00-00 00:00:00'),(203,'14',4,10,0,'2017-03-02 13:41:50','0000-00-00 00:00:00'),(204,'28',26,10,0,'2017-03-02 13:41:58','0000-00-00 00:00:00'),(205,'22',4,10,0,'2017-03-02 13:45:33','0000-00-00 00:00:00'),(206,'17',1010,10,0,'2017-03-03 05:47:51','0000-00-00 00:00:00'),(207,'14',23,15,0,'2017-03-03 06:41:33','0000-00-00 00:00:00'),(208,'44',23,15,0,'2017-03-03 10:37:28','0000-00-00 00:00:00'),(209,'28',26,10,0,'2017-03-03 13:53:35','0000-00-00 00:00:00'),(210,'28',1003,5,0,'2017-03-03 13:53:46','0000-00-00 00:00:00'),(211,'20',4,10,0,'2017-03-05 08:27:24','0000-00-00 00:00:00'),(212,'14',1010,10,0,'2017-03-06 05:47:34','0000-00-00 00:00:00'),(213,'21',3,10,0,'2017-03-06 06:29:32','0000-00-00 00:00:00'),(214,'8',1005,10,0,'2017-03-06 09:55:24','0000-00-00 00:00:00'),(215,'31',1011,10,0,'2017-03-06 10:00:32','0000-00-00 00:00:00'),(216,'33',1011,10,0,'2017-03-06 10:18:22','0000-00-00 00:00:00'),(217,'33',18,10,0,'2017-03-06 10:18:59','0000-00-00 00:00:00'),(218,'19',1013,15,0,'2017-03-06 10:24:37','0000-00-00 00:00:00'),(219,'21',1011,10,0,'2017-03-06 10:27:38','0000-00-00 00:00:00'),(220,'21',18,10,0,'2017-03-06 10:27:53','0000-00-00 00:00:00'),(221,'21',21,15,0,'2017-03-06 10:28:06','0000-00-00 00:00:00'),(222,'43',3,10,0,'2017-03-06 10:44:23','0000-00-00 00:00:00'),(223,'16',1011,10,0,'2017-03-06 11:13:49','0000-00-00 00:00:00'),(224,'10',21,15,0,'2017-03-07 05:46:08','0000-00-00 00:00:00'),(225,'14',26,10,0,'2017-03-07 06:29:37','0000-00-00 00:00:00'),(226,'14',1012,10,0,'2017-03-07 06:29:55','0000-00-00 00:00:00'),(227,'43',1003,5,0,'2017-03-07 07:21:57','0000-00-00 00:00:00'),(228,'8',1013,15,0,'2017-03-07 08:49:03','0000-00-00 00:00:00'),(229,'8',1013,15,0,'2017-03-07 08:49:14','0000-00-00 00:00:00'),(230,'8',1013,15,0,'2017-03-07 08:49:23','0000-00-00 00:00:00'),(231,'8',3,10,0,'2017-03-07 08:49:47','0000-00-00 00:00:00'),(232,'38',1000,10,0,'2017-03-07 10:04:41','0000-00-00 00:00:00'),(233,'38',1000,10,0,'2017-03-07 10:04:50','0000-00-00 00:00:00'),(234,'43',3,10,0,'2017-03-07 12:03:11','0000-00-00 00:00:00'),(235,'15',3,10,0,'2017-03-07 12:52:43','0000-00-00 00:00:00'),(236,'16',15,15,0,'2017-03-09 05:15:10','0000-00-00 00:00:00'),(237,'2',15,15,0,'2017-03-09 05:15:28','0000-00-00 00:00:00'),(238,'33',3,10,0,'2017-03-09 06:18:37','0000-00-00 00:00:00'),(239,'14',26,10,0,'2017-03-09 06:19:35','0000-00-00 00:00:00'),(240,'14',1003,5,0,'2017-03-09 06:19:45','0000-00-00 00:00:00'),(241,'15',1,10,0,'2017-03-09 08:04:00','0000-00-00 00:00:00'),(242,'21',21,15,0,'2017-03-09 11:27:20','0000-00-00 00:00:00'),(243,'2',1012,10,0,'2017-03-10 04:13:04','0000-00-00 00:00:00'),(244,'14',26,10,0,'2017-03-10 06:02:43','0000-00-00 00:00:00'),(245,'14',1003,5,0,'2017-03-10 06:02:51','0000-00-00 00:00:00'),(246,'36',1013,15,0,'2017-03-13 07:39:17','0000-00-00 00:00:00'),(247,'20',3,10,0,'2017-03-14 06:40:42','0000-00-00 00:00:00'),(248,'2',18,10,0,'2017-03-14 08:37:44','0000-00-00 00:00:00'),(249,'38',1000,10,0,'2017-03-14 09:32:23','0000-00-00 00:00:00'),(250,'38',3,10,0,'2017-03-14 09:36:23','0000-00-00 00:00:00'),(251,'7',26,10,0,'2017-03-14 11:07:20','0000-00-00 00:00:00'),(252,'8',1007,10,0,'2017-03-14 12:11:43','0000-00-00 00:00:00'),(253,'31',1000,10,0,'2017-03-14 12:18:42','0000-00-00 00:00:00'),(254,'20',1007,10,0,'2017-03-14 12:38:28','0000-00-00 00:00:00'),(255,'8',21,15,0,'2017-03-14 13:11:40','0000-00-00 00:00:00'),(256,'14',1003,5,0,'2017-03-15 05:48:30','0000-00-00 00:00:00'),(257,'14',26,10,0,'2017-03-15 05:48:39','0000-00-00 00:00:00'),(258,'28',26,10,0,'2017-03-15 06:09:55','0000-00-00 00:00:00'),(259,'28',26,10,0,'2017-03-15 06:10:19','0000-00-00 00:00:00'),(260,'28',1003,5,0,'2017-03-15 06:10:46','0000-00-00 00:00:00'),(261,'28',1000,10,0,'2017-03-15 06:11:04','0000-00-00 00:00:00'),(262,'43',3,10,0,'2017-03-15 07:26:35','0000-00-00 00:00:00'),(263,'43',3,10,0,'2017-03-15 07:26:47','0000-00-00 00:00:00'),(264,'43',3,10,0,'2017-03-15 07:27:54','0000-00-00 00:00:00'),(265,'21',1007,10,0,'2017-03-15 08:28:10','0000-00-00 00:00:00'),(266,'21',21,15,0,'2017-03-15 08:28:17','0000-00-00 00:00:00'),(267,'21',4,10,0,'2017-03-15 08:28:27','0000-00-00 00:00:00'),(268,'33',17,10,0,'2017-03-15 12:12:15','0000-00-00 00:00:00'),(269,'14',4,10,0,'2017-03-15 12:34:44','0000-00-00 00:00:00');
/*!40000 ALTER TABLE `user_buy` ENABLE KEYS */;
UNLOCK TABLES;
/*!40103 SET TIME_ZONE=@OLD_TIME_ZONE */;

/*!40101 SET SQL_MODE=@OLD_SQL_MODE */;
/*!40014 SET FOREIGN_KEY_CHECKS=@OLD_FOREIGN_KEY_CHECKS */;
/*!40014 SET UNIQUE_CHECKS=@OLD_UNIQUE_CHECKS */;
/*!40101 SET CHARACTER_SET_CLIENT=@OLD_CHARACTER_SET_CLIENT */;
/*!40101 SET CHARACTER_SET_RESULTS=@OLD_CHARACTER_SET_RESULTS */;
/*!40101 SET COLLATION_CONNECTION=@OLD_COLLATION_CONNECTION */;
/*!40111 SET SQL_NOTES=@OLD_SQL_NOTES */;

-- Dump completed on 2017-03-15 18:10:02