Backup Time :25-03-2017 11:03:03  (1490423343 ) \n\n\nDROP TABLE product;

CREATE TABLE `product` (
  `id` int(11) NOT NULL AUTO_INCREMENT,
  `name` varchar(50) NOT NULL,
  `price` double NOT NULL,
  `barcode` text NOT NULL,
  `created_at` timestamp NOT NULL DEFAULT CURRENT_TIMESTAMP,
  `updated_at` datetime NOT NULL DEFAULT '0000-00-00 00:00:00',
  PRIMARY KEY (`id`)
) ENGINE=InnoDB AUTO_INCREMENT=1000 DEFAULT CHARSET=latin1;

INSERT INTO product VALUES("1","GOOD DAY BUTTER COOKIES","10","8901063092280","2016-12-21 10:46:36","2016-12-21 17:48:59");
INSERT INTO product VALUES("3","MOMS MAGIC","10","8901725135454","2016-12-21 12:38:18","2016-12-27 17:09:11");
INSERT INTO product VALUES("4","BOURBON","10","8901063139190","2016-12-21 12:38:19","2016-12-21 17:50:05");
INSERT INTO product VALUES("5","BRITANNIA 50-50 MASTI","10","901063017290","2016-12-21 12:38:19","2016-12-21 17:51:19");
INSERT INTO product VALUES("6","BRITANNIA 50-50 MASKA CHASKA","10","8901063017252","2016-12-21 12:38:19","2016-12-21 17:51:51");
INSERT INTO product VALUES("8","BRITANNIA CAKE PINEAPPLE","15","8901063362819","2016-12-21 17:54:49","2016-12-21 17:54:49");
INSERT INTO product VALUES("14","BRITANIA JIM JAM","20","8901063029163","2017-01-24 13:09:19","0000-00-00 00:00:00");
INSERT INTO product VALUES("15","BRITANIA CAKE BUTTER BLAST","15","8901063362789","2017-01-25 14:57:57","0000-00-00 00:00:00");
INSERT INTO product VALUES("16","BINGO TANGLES","10","8901725195120","2017-01-31 17:20:51","0000-00-00 00:00:00");
INSERT INTO product VALUES("17","BINGO YUMITOS","10","8901725191122","2017-01-31 17:37:54","0000-00-00 00:00:00");
INSERT INTO product VALUES("18","BINGO MAD ANGLES","10","8901725198329","2017-01-31 17:38:37","0000-00-00 00:00:00");
INSERT INTO product VALUES("19","BINGO TANGLES","10","8901725195229","2017-01-31 17:39:23","0000-00-00 00:00:00");
INSERT INTO product VALUES("20","BINGO YUMITOS","10","8901725193225","2017-01-31 17:42:18","0000-00-00 00:00:00");
INSERT INTO product VALUES("21","BRITANNIA CAKE","15","8901063362772","2017-01-31 17:46:57","0000-00-00 00:00:00");
INSERT INTO product VALUES("22","BRITANNIA CAKE","15","8901063362765","2017-01-31 17:47:17","0000-00-00 00:00:00");
INSERT INTO product VALUES("23","BRITANNIA CAKE","15","8901063362802","2017-01-31 17:47:37","0000-00-00 00:00:00");
INSERT INTO product VALUES("24","Test product CELLO BOOK","0","8904187942455","2017-02-01 18:43:43","0000-00-00 00:00:00");
INSERT INTO product VALUES("25","PARLE-G","3","8901719255120","2017-02-02 11:46:24","0000-00-00 00:00:00");
INSERT INTO product VALUES("26","GOOD LIFE MILK","10","8906036673947","2017-02-02 11:47:19","0000-00-00 00:00:00");
INSERT INTO product VALUES("999","Amount Deposited","0","","2017-02-08 11:42:38","0000-00-00 00:00:00");



DROP TABLE user;

CREATE TABLE `user` (
  `id` int(11) NOT NULL AUTO_INCREMENT,
  `employee_id` varchar(30) CHARACTER SET utf8 NOT NULL,
  `name` varchar(30) CHARACTER SET utf8 NOT NULL,
  `pin` varchar(1000) CHARACTER SET utf8 NOT NULL,
  `authorised` tinyint(1) NOT NULL,
  `is_password_changed` tinyint(1) NOT NULL,
  `created_at` datetime DEFAULT NULL,
  `updated_at` timestamp NOT NULL DEFAULT '0000-00-00 00:00:00' ON UPDATE CURRENT_TIMESTAMP,
  PRIMARY KEY (`id`)
) ENGINE=InnoDB AUTO_INCREMENT=48 DEFAULT CHARSET=latin1;

INSERT INTO user VALUES("1","135","Nitesh Sakle","$2y$10$JnN1Uo3K8ytFSO60dtS05utBSSct8elcWovdE8sYU9MsBU3xNb7GW","1","1","2016-12-20 17:45:35","2017-01-31 18:43:54");
INSERT INTO user VALUES("2","133","Sharat chandra K","$2y$10$DZjr7ratqQuCFj4aa5vpYORJiqrJszqmOwjsQCob2RJU.MVzmteDi","0","1","2016-12-21 17:56:59","2017-02-02 10:57:33");
INSERT INTO user VALUES("5","137","Chaitanya Sai Ramu","$2y$10$iAla7nBCZ1yBklpKU256Oe5u0yP2rvcnFeix9nrhjEO.sgNMdF2z.","0","1","2016-12-21 18:32:05","2017-01-27 11:48:58");
INSERT INTO user VALUES("6","136","Sachin Yedle","$2y$10$gxecO3Fb89q1Qit4mQKkKeeHoXZz7gJAQBJ6R6.wPdJYVF49eSJV.","0","1","2016-12-21 18:32:05","2017-02-07 18:16:49");
INSERT INTO user VALUES("7","134","Ravali Dodda","$2y$10$TRKcVxMTxjpZQrm7AFCwDeg0KTXJtWoX12hvs5hsVY9XAb/rR3ScO","0","1","2016-12-21 18:32:06","2017-01-31 17:57:07");
INSERT INTO user VALUES("8","132","Ashok Madduru","$2y$10$uwj8ydV8ACeEKd4tonHkseOMEKBdBBATPVjPyUhnuJhjpWbZXviLa","0","1","2016-12-21 18:32:06","2017-01-31 17:58:29");
INSERT INTO user VALUES("9","131","Anusha Reddy","$2y$10$KsUvyrFxfS.3n/xNJq.goOzaNxuyQsoY.2Uk4F7IGJak4JVUqgEPa","0","0","2016-12-21 18:32:06","2017-01-24 17:20:20");
INSERT INTO user VALUES("10","130","Hemanjali Majji","$2y$10$FdL/g5XFMiPC6Hs1xJjXUO2yFQ4FjKLDJZ8oWKEhOqcKTEGH.SK1u","0","1","2016-12-21 18:32:06","2017-01-27 11:54:29");
INSERT INTO user VALUES("11","129","Ch. Ramesh Babu","$2y$10$KsUvyrFxfS.3n/xNJq.goOzaNxuyQsoY.2Uk4F7IGJak4JVUqgEPa","0","0","2016-12-21 18:32:06","2017-02-07 18:16:58");
INSERT INTO user VALUES("12","125","Mahesh Doma","$2y$10$KsUvyrFxfS.3n/xNJq.goOzaNxuyQsoY.2Uk4F7IGJak4JVUqgEPa","0","0","2016-12-21 18:32:06","0000-00-00 00:00:00");
INSERT INTO user VALUES("13","120","Sunil Kumar Mahto","$2y$10$KsUvyrFxfS.3n/xNJq.goOzaNxuyQsoY.2Uk4F7IGJak4JVUqgEPa","0","0","2016-12-21 18:32:06","0000-00-00 00:00:00");
INSERT INTO user VALUES("14","117","Dasari Venkata Rami Reddy","$2y$10$AxsWAMWycU2heJw6osZHwOPTEpo6WT70INbebxu/hA7jHr1.wrvDq","1","1","2016-12-21 18:32:06","2017-02-02 11:36:10");
INSERT INTO user VALUES("15","113","Ch. Chandra Sekar","$2y$10$.FRrffqt1VRDjfC6WWSJ4.7c7j3PVcORfJdv0DHOz7Tfu5OXUn/eS","0","1","2016-12-21 18:32:06","2017-02-01 12:24:57");
INSERT INTO user VALUES("16","111","Sreenu Cheedella","$2y$10$lPHJLvl/zJ2p8M/NxwCvIOkdPV.R6yu3eBis8L1BUIC6uGLjjq8JW","0","1","2016-12-27 11:58:27","2017-02-07 18:10:32");
INSERT INTO user VALUES("17","110","Gautham Aditya Ravi","$2y$10$yF1pKiyecwkUNaKR8R7rI.06k2KW9QlqrRfOmupPaKrtbM85C7NvK","0","1","2016-12-27 12:04:41","2017-01-25 18:56:07");
INSERT INTO user VALUES("18","108","Geetha Krishna","$2y$10$KsUvyrFxfS.3n/xNJq.goOzaNxuyQsoY.2Uk4F7IGJak4JVUqgEPa","0","0","2016-12-27 12:04:42","0000-00-00 00:00:00");
INSERT INTO user VALUES("19","107","Santhosh Kumar","$2y$10$F.zC0ZCl2wXgRD4wOPzxr.ymChhPcXDwx/5QdqiBtvNGHwCyv.4Ae","0","1","2016-12-27 12:04:42","2017-02-03 12:49:09");
INSERT INTO user VALUES("20","102","Vishwa Teja J","$2y$10$Q9mpRBbWbNFLqbWE.ZggaeeCgpzZhxTWInMFTjF9YU/yN5ms8wkwe","1","1","2016-12-27 12:04:42","2017-02-16 14:37:39");
INSERT INTO user VALUES("21","100","Karri Satya Venkata Reddy","$2y$10$zueptH8GHDnsEKJwVrMxY.Ai84W7W32TCKX.GCycfZ896Sfbvr17u","0","1","2016-12-27 12:04:42","2017-02-03 12:59:08");
INSERT INTO user VALUES("22","95","Vishvajeet Singh Rathore","$2y$10$LY6NTChoLLDNfuBj1sHAw.WNpw4XJfzrBfdtmhAf/1/LbVZ0iUxPW","0","1","2016-12-27 12:04:42","2017-02-02 13:51:35");
INSERT INTO user VALUES("23","56","N. Revathi","$2y$10$AOK4d2Phtxtrwwi9.ViYreAk.Gw3T9fAKCvAq6nXsLrdwksSyHlFi","0","1","2016-12-27 12:04:42","2017-02-01 15:45:07");
INSERT INTO user VALUES("24","59","S Siva Shankara Rao","$2y$10$KsUvyrFxfS.3n/xNJq.goOzaNxuyQsoY.2Uk4F7IGJak4JVUqgEPa","0","0","2016-12-27 12:04:42","2017-01-24 17:20:20");
INSERT INTO user VALUES("25","67","Sravan Kumar","$2y$10$KsUvyrFxfS.3n/xNJq.goOzaNxuyQsoY.2Uk4F7IGJak4JVUqgEPa","0","0","2016-12-27 12:04:42","0000-00-00 00:00:00");
INSERT INTO user VALUES("26","85","M. Revathi","$2y$10$mlYpcB7nGRlMt2.W0gnireTueatSLaOSB0ctU2r84gd2sqT3GR1Ra","0","1","2016-12-27 12:04:42","2017-02-03 16:38:00");
INSERT INTO user VALUES("27","2","Prasad Kancharla","$2y$10$WQCXe0OOh6VBEmXzl5rg6O9e/h6uagjbbS77yBYqjlGZsdmckLx22","0","1","2016-12-27 12:07:10","2017-01-27 11:53:39");
INSERT INTO user VALUES("28","7","Sunand Chakradhar","$2y$10$KsUvyrFxfS.3n/xNJq.goOzaNxuyQsoY.2Uk4F7IGJak4JVUqgEPa","0","0","2016-12-27 12:07:10","0000-00-00 00:00:00");
INSERT INTO user VALUES("29","8","Venu Gopal Thotakura","$2y$10$IRpeLhGL7Hb860j6kEkeP.4g3W7d2RQD5hsdRHqpw861C8UKwb6DK","0","1","2016-12-27 12:07:10","2017-01-27 11:53:10");
INSERT INTO user VALUES("30","15","VV Ravishankar Achanta","$2y$10$KsUvyrFxfS.3n/xNJq.goOzaNxuyQsoY.2Uk4F7IGJak4JVUqgEPa","0","0","2016-12-27 12:07:10","0000-00-00 00:00:00");
INSERT INTO user VALUES("31","17","Gali Bala Satya Swathi","$2y$10$neSmhUdz5vW6ahBlFVjEsuza0F0oJiELaoHRQPlTZJdwubcaLa7Za","0","1","2016-12-27 12:07:10","2017-01-31 18:41:23");
INSERT INTO user VALUES("32","21","Shaik Hema","$2y$10$KsUvyrFxfS.3n/xNJq.goOzaNxuyQsoY.2Uk4F7IGJak4JVUqgEPa","0","0","2016-12-27 12:07:10","0000-00-00 00:00:00");
INSERT INTO user VALUES("33","39","Ramya Yenduri","$2y$10$XSJ5JxDjrCpAmatlg59lceSrxrkbbjVI7ayraApzB1LIIEyyz/Qq6","0","1","2016-12-27 12:07:11","2017-01-27 11:41:31");
INSERT INTO user VALUES("34","42","Badam Bharath Kumar","$2y$10$KsUvyrFxfS.3n/xNJq.goOzaNxuyQsoY.2Uk4F7IGJak4JVUqgEPa","0","0","2016-12-27 12:07:11","0000-00-00 00:00:00");
INSERT INTO user VALUES("35","1","Siddharam Shingshetty","$2y$10$KsUvyrFxfS.3n/xNJq.goOzaNxuyQsoY.2Uk4F7IGJak4JVUqgEPa","0","0","2016-12-27 12:07:11","2017-02-01 12:28:57");
INSERT INTO user VALUES("36","11","Siddhartha Kongara","$2y$10$KsUvyrFxfS.3n/xNJq.goOzaNxuyQsoY.2Uk4F7IGJak4JVUqgEPa","0","0","2016-12-27 12:07:11","2017-02-01 12:28:57");
INSERT INTO user VALUES("37","116","Manohar Pilankar","$2y$10$uF0Wxw2R/fOwEOD5gcdsROSBydAYuGFmlLlTUCesvIZDdlaA9bEDC","0","1","2016-12-27 12:07:11","2017-02-07 18:11:52");
INSERT INTO user VALUES("38","40","Sunayana Pilankar","$2y$10$KsUvyrFxfS.3n/xNJq.goOzaNxuyQsoY.2Uk4F7IGJak4JVUqgEPa","0","0","2016-12-27 12:07:11","2017-02-01 12:28:57");
INSERT INTO user VALUES("39","112","Eknath Pilankar","$2y$10$KsUvyrFxfS.3n/xNJq.goOzaNxuyQsoY.2Uk4F7IGJak4JVUqgEPa","0","0","2016-12-27 12:07:11","2017-02-01 12:28:57");
INSERT INTO user VALUES("40","128","Preeti Sahu","$2y$10$KsUvyrFxfS.3n/xNJq.goOzaNxuyQsoY.2Uk4F7IGJak4JVUqgEPa","0","0","2016-12-27 12:07:11","2017-02-01 12:28:57");
INSERT INTO user VALUES("41","27","Gouri Patil","$2y$10$sENE1jYlVn85v0wQ4hFrGOvkcibzmrXViF7k.2h.Q.IzVE1Hobsnm","0","1","2016-12-27 12:07:11","2017-02-01 12:28:57");
INSERT INTO user VALUES("42","1111","Shyam Jadhav","$2y$10$lA/FX1ZAoomTQiWfxyRZ8.Lpdcidj2llnzOXwCGgC6k6KDRxjPYVi","1","1","2016-12-27 12:07:11","2017-02-03 17:10:01");
INSERT INTO user VALUES("43","84","Enja Pradeep Reddy","$2y$10$CWvU6XohuL2gcSHg9mj.8esOdRdoiTU.6ERbV.4HJC.90T3CxYnU2","0","1","2016-12-27 12:07:11","2017-02-01 15:35:14");
INSERT INTO user VALUES("44","109","RASHMA DHANAWADE","$2y$10$xwIE4JovKf/BL3c7mPz4TuPkkQEu5vb0WY9hdxfp8hZ7/FOtR4A06","0","1","2016-12-27 12:07:11","2017-02-01 12:28:57");
INSERT INTO user VALUES("45","1313","Example","$2y$10$KsUvyrFxfS.3n/xNJq.goOzaNxuyQsoY.2Uk4F7IGJak4JVUqgEPa","0","0","2016-12-27 12:07:11","2017-02-01 12:28:57");
INSERT INTO user VALUES("46","9999","Veera Ragava","$2y$10$KsUvyrFxfS.3n/xNJq.goOzaNxuyQsoY.2Uk4F7IGJak4JVUqgEPa","0","0","","0000-00-00 00:00:00");
INSERT INTO user VALUES("47","9998","Pavithra","$2y$10$KsUvyrFxfS.3n/xNJq.goOzaNxuyQsoY.2Uk4F7IGJak4JVUqgEPa","0","0","","0000-00-00 00:00:00");



DROP TABLE user_buy;

CREATE TABLE `user_buy` (
  `id` int(11) NOT NULL AUTO_INCREMENT,
  `user_id` varchar(100) NOT NULL,
  `product_id` int(11) NOT NULL,
  `price` float NOT NULL,
  `is_deposit` tinyint(1) NOT NULL DEFAULT '0',
  `created_at` timestamp NOT NULL DEFAULT CURRENT_TIMESTAMP,
  `updated_at` datetime NOT NULL DEFAULT '0000-00-00 00:00:00',
  PRIMARY KEY (`id`)
) ENGINE=InnoDB AUTO_INCREMENT=113 DEFAULT CHARSET=latin1;

INSERT INTO user_buy VALUES("32","29","1","10","0","2017-02-01 12:38:10","0000-00-00 00:00:00");
INSERT INTO user_buy VALUES("33","7","6","10","0","2017-02-01 12:39:22","0000-00-00 00:00:00");
INSERT INTO user_buy VALUES("34","43","3","10","0","2017-02-01 15:32:28","0000-00-00 00:00:00");
INSERT INTO user_buy VALUES("36","21","4","10","0","2017-02-02 11:07:31","0000-00-00 00:00:00");
INSERT INTO user_buy VALUES("37","5","22","15","0","2017-02-02 12:03:21","0000-00-00 00:00:00");
INSERT INTO user_buy VALUES("38","22","21","15","0","2017-02-02 13:53:04","0000-00-00 00:00:00");
INSERT INTO user_buy VALUES("39","43","25","3","0","2017-02-02 17:14:11","0000-00-00 00:00:00");
INSERT INTO user_buy VALUES("48","22","19","10","0","2017-02-02 19:26:06","0000-00-00 00:00:00");
INSERT INTO user_buy VALUES("49","29","25","3","0","2017-02-03 11:46:17","0000-00-00 00:00:00");
INSERT INTO user_buy VALUES("50","29","1","10","0","2017-02-03 11:46:46","0000-00-00 00:00:00");
INSERT INTO user_buy VALUES("54","19","17","10","0","2017-02-03 12:49:32","0000-00-00 00:00:00");
INSERT INTO user_buy VALUES("55","21","4","10","0","2017-02-03 12:59:25","0000-00-00 00:00:00");
INSERT INTO user_buy VALUES("71","14","14","20","0","2017-02-03 20:20:52","0000-00-00 00:00:00");
INSERT INTO user_buy VALUES("74","21","4","10","0","2017-02-06 13:55:52","0000-00-00 00:00:00");
INSERT INTO user_buy VALUES("75","28","26","10","0","2017-02-06 16:40:08","0000-00-00 00:00:00");
INSERT INTO user_buy VALUES("76","28","26","10","0","2017-02-06 16:40:15","0000-00-00 00:00:00");
INSERT INTO user_buy VALUES("77","28","25","3","0","2017-02-06 16:40:29","0000-00-00 00:00:00");
INSERT INTO user_buy VALUES("78","28","25","3","0","2017-02-06 16:40:33","0000-00-00 00:00:00");
INSERT INTO user_buy VALUES("79","43","3","10","0","2017-02-06 18:07:27","0000-00-00 00:00:00");
INSERT INTO user_buy VALUES("82","29","1","10","0","2017-02-07 11:41:33","0000-00-00 00:00:00");
INSERT INTO user_buy VALUES("98","43","25","3","0","2017-02-07 15:17:53","0000-00-00 00:00:00");
INSERT INTO user_buy VALUES("99","22","8","15","0","2017-02-07 16:12:31","0000-00-00 00:00:00");
INSERT INTO user_buy VALUES("100","16","8","15","0","2017-02-07 17:07:25","0000-00-00 00:00:00");
INSERT INTO user_buy VALUES("101","14","14","20","0","2017-02-07 17:10:22","0000-00-00 00:00:00");
INSERT INTO user_buy VALUES("102","1","3","10","0","2017-02-07 17:17:27","0000-00-00 00:00:00");
INSERT INTO user_buy VALUES("103","7","3","10","0","2017-02-07 18:07:08","0000-00-00 00:00:00");
INSERT INTO user_buy VALUES("104","16","15","15","0","2017-02-07 18:10:10","0000-00-00 00:00:00");
INSERT INTO user_buy VALUES("105","37","3","10","0","2017-02-07 18:14:31","0000-00-00 00:00:00");
INSERT INTO user_buy VALUES("106","37","3","10","0","2017-02-07 18:14:59","0000-00-00 00:00:00");
INSERT INTO user_buy VALUES("107","14","26","10","0","2017-02-08 11:21:15","0000-00-00 00:00:00");
INSERT INTO user_buy VALUES("108","14","25","3","0","2017-02-08 11:21:37","0000-00-00 00:00:00");
INSERT INTO user_buy VALUES("109","33","6","10","0","2017-02-08 12:15:05","0000-00-00 00:00:00");
INSERT INTO user_buy VALUES("110","38","25","3","0","2017-02-08 15:10:22","0000-00-00 00:00:00");
INSERT INTO user_buy VALUES("111","43","4","10","0","2017-02-08 16:16:41","0000-00-00 00:00:00");
INSERT INTO user_buy VALUES("112","6","4","10","0","2017-02-08 17:38:42","0000-00-00 00:00:00");



